Date,Order_Demand
7/27/2012,71
1/19/2012,78
2/3/2012,70
2/9/2012,73
3/2/2012,83
4/19/2012,96
6/5/2012,100
6/27/2012,91
7/23/2012,79
8/29/2012,73
8/29/2012,84
9/18/2012,77
10/11/2012,100
11/1/2012,96
11/29/2012,102
12/26/2012,85
1/6/2012,78
1/18/2012,75
2/2/2012,78
2/22/2012,58
3/2/2012,74
3/9/2012,66
3/23/2012,99
4/6/2012,85
4/16/2012,49
5/7/2012,52
4/17/2012,108
5/30/2012,94
6/20/2012,121
6/29/2012,104
7/9/2012,106
7/17/2012,125
7/30/2012,103
8/27/2012,104
7/31/2012,113
8/6/2012,117
9/4/2012,121
9/18/2012,163
8/30/2012,201
8/30/2012,225
9/12/2012,175
9/25/2012,188
10/1/2012,152
10/10/2012,169
10/18/2012,144
10/25/2012,158
11/1/2012,159
6/6/2012,170
7/13/2012,138
12/13/2012,164
3/8/2012,156
3/8/2012,150
4/23/2012,119
5/23/2012,132
6/4/2012,163
6/4/2012,192
8/9/2012,208
8/20/2012,158
9/10/2012,159
10/19/2012,150
9/28/2012,148
11/19/2012,191
12/19/2012,154
4/25/2012,168
1/12/2012,160
1/16/2012,159
1/24/2012,137
1/24/2012,135
1/25/2012,124
2/1/2012,130
2/15/2012,120
1/31/2012,140
2/7/2012,187
2/13/2012,152
2/15/2012,152
2/21/2012,148
2/28/2012,207
3/6/2012,208
3/12/2012,178
3/21/2012,176
3/27/2012,195
3/27/2012,183
3/30/2012,210
3/30/2012,189
4/12/2012,142
4/20/2012,246
4/2/2012,235
4/9/2012,250
4/23/2012,204
4/27/2012,210
5/23/2012,221
5/1/2012,211
5/22/2012,166
5/29/2012,181
6/4/2012,193
6/15/2012,227
6/20/2012,215
7/4/2012,194
6/19/2012,182
6/26/2012,244
6/27/2012,235
7/4/2012,183
7/23/2012,224
8/3/2012,218
8/22/2012,261
7/24/2012,252
7/24/2012,196
8/7/2012,150
8/21/2012,176
8/28/2012,176
9/3/2012,165
9/10/2012,187
9/12/2012,204
9/25/2012,151
10/11/2012,187
9/25/2012,178
10/9/2012,188
10/12/2012,178
10/16/2012,141
11/6/2012,149
11/14/2012,152
11/22/2012,154
12/12/2012,119
12/27/2012,160
12/3/2012,127
12/18/2012,128
2/7/2012,138
3/1/2012,127
3/22/2012,161
3/22/2012,144
4/18/2012,203
4/23/2012,191
5/2/2012,186
5/22/2012,215
5/23/2012,187
5/30/2012,197
6/11/2012,213
6/27/2012,182
7/23/2012,198
7/23/2012,205
7/23/2012,217
7/26/2012,213
7/31/2012,198
8/6/2012,155
8/21/2012,171
9/18/2012,175
9/6/2012,179
9/24/2012,175
10/12/2012,207
10/15/2012,208
10/23/2012,189
11/20/2012,294
11/15/2012,271
11/29/2012,270
12/19/2012,190
12/19/2012,230
1/6/2012,287
1/11/2012,234
1/19/2012,242
1/24/2012,308
1/27/2012,265
1/31/2012,242
2/3/2012,251
2/7/2012,210
2/17/2012,198
3/2/2012,191
3/5/2012,210
3/13/2012,220
3/22/2012,225
3/21/2012,219
3/22/2012,197
3/30/2012,181
4/3/2012,187
4/4/2012,197
4/4/2012,186
4/11/2012,151
4/16/2012,191
4/20/2012,173
4/16/2012,166
4/17/2012,170
5/8/2012,193
5/7/2012,161
5/10/2012,138
5/15/2012,147
5/21/2012,164
5/21/2012,148
5/24/2012,138
5/28/2012,118
5/29/2012,173
6/1/2012,217
5/31/2012,212
6/11/2012,221
6/14/2012,230
6/18/2012,227
6/19/2012,300
6/26/2012,262
6/28/2012,267
7/9/2012,259
7/12/2012,278
7/17/2012,265
7/19/2012,262
7/25/2012,200
7/31/2012,207
8/6/2012,178
8/21/2012,182
8/6/2012,219
8/21/2012,200
9/3/2012,188
10/1/2012,201
9/28/2012,211
11/2/2012,222
11/16/2012,199
12/3/2012,224
12/13/2012,248
12/25/2012,226
11/23/2012,221
8/20/2012,246
8/20/2012,288
10/8/2012,196
1/16/2012,208
9/18/2012,184
9/18/2012,218
1/4/2012,216
1/4/2012,242
3/1/2012,235
8/2/2012,242
11/29/2012,247
1/26/2012,227
2/2/2012,205
2/16/2012,215
2/21/2012,236
2/23/2012,253
4/12/2012,283
3/22/2012,273
4/19/2012,239
5/10/2012,283
5/2/2012,245
5/31/2012,243
5/21/2012,224
6/7/2012,209
5/31/2012,240
6/5/2012,258
6/7/2012,238
6/14/2012,242
6/21/2012,648
6/26/2012,1142
7/5/2012,951
7/17/2012,1057
7/26/2012,1185
8/1/2012,462
8/1/2012,427
8/23/2012,487
8/31/2012,436
9/20/2012,465
9/20/2012,428
9/25/2012,392
10/4/2012,374
10/11/2012,377
10/16/2012,468
10/25/2012,445
10/30/2012,342
11/8/2012,328
11/22/2012,362
11/22/2012,295
12/6/2012,324
12/13/2012,413
12/20/2012,395
1/24/2012,375
1/24/2012,460
2/9/2012,368
2/16/2012,287
2/23/2012,323
3/7/2012,423
4/12/2012,402
4/17/2012,384
5/10/2012,407
4/18/2012,317
4/18/2012,424
4/19/2012,423
5/10/2012,318
5/16/2012,352
5/21/2012,377
5/21/2012,368
5/31/2012,398
6/7/2012,348
6/12/2012,350
6/12/2012,389
6/14/2012,337
6/21/2012,396
6/26/2012,374
7/5/2012,291
7/12/2012,348
7/17/2012,268
8/2/2012,288
8/16/2012,465
8/21/2012,408
8/24/2012,308
8/29/2012,314
9/20/2012,286
9/19/2012,303
9/20/2012,298
10/4/2012,271
10/11/2012,292
10/5/2012,343
10/16/2012,378
10/18/2012,296
10/29/2012,350
11/2/2012,436
11/13/2012,437
11/22/2012,450
11/22/2012,380
12/3/2012,379
6/19/2012,431
1/10/2012,339
2/9/2012,422
2/13/2012,480
2/24/2012,567
2/29/2012,586
3/9/2012,558
3/15/2012,451
3/22/2012,454
3/26/2012,500
3/27/2012,467
3/28/2012,400
4/5/2012,358
4/6/2012,240
4/9/2012,353
4/20/2012,279
4/23/2012,306
5/4/2012,235
5/9/2012,408
5/23/2012,370
5/29/2012,343
5/29/2012,382
5/31/2012,373
6/7/2012,348
6/14/2012,361
6/15/2012,350
6/20/2012,376
7/3/2012,333
7/5/2012,412
7/9/2012,380
7/13/2012,385
7/18/2012,659
7/20/2012,479
7/23/2012,386
8/1/2012,329
8/6/2012,341
8/6/2012,473
8/8/2012,363
8/20/2012,338
8/21/2012,350
10/10/2012,300
10/11/2012,359
10/15/2012,444
10/19/2012,311
10/23/2012,364
10/24/2012,283
11/12/2012,334
11/23/2012,339
11/23/2012,416
11/28/2012,389
12/12/2012,445
12/12/2012,498
12/19/2012,458
1/9/2012,372
1/12/2012,429
1/18/2012,296
1/19/2012,333
1/31/2012,399
2/1/2012,395
2/3/2012,470
2/9/2012,463
2/15/2012,434
2/17/2012,336
2/23/2012,492
2/27/2012,394
2/29/2012,395
3/2/2012,338
3/2/2012,2749
3/7/2012,5689
3/8/2012,455
3/15/2012,490
3/15/2012,356
3/19/2012,435
3/28/2012,455
4/6/2012,505
4/9/2012,370
4/9/2012,411
4/23/2012,402
4/25/2012,436
5/2/2012,447
5/9/2012,548
5/14/2012,426
5/14/2012,516
5/24/2012,281
5/24/2012,381
5/24/2012,366
5/29/2012,336
6/8/2012,352
6/14/2012,364
6/14/2012,370
6/18/2012,361
6/20/2012,358
6/20/2012,385
6/20/2012,463
6/28/2012,458
7/3/2012,454
7/4/2012,391
7/4/2012,406
7/9/2012,381
7/9/2012,390
7/9/2012,507
7/9/2012,481
7/9/2012,541
7/18/2012,436
7/25/2012,479
7/25/2012,594
7/25/2012,593
7/27/2012,586
8/6/2012,1115
8/8/2012,1059
8/8/2012,741
8/20/2012,764
8/27/2012,1291
9/11/2012,1193
9/19/2012,1211
9/19/2012,1262
10/8/2012,1112
10/10/2012,1147
10/23/2012,1285
10/24/2012,832
10/26/2012,919
11/23/2012,816
11/28/2012,870
12/4/2012,967
12/4/2012,847
12/6/2012,1047
1/16/2012,1194
2/7/2012,937
4/6/2012,1334
6/1/2012,965
2/7/2012,985
4/6/2012,759
6/1/2012,1036
2/7/2012,1290
4/6/2012,1020
6/1/2012,948
2/7/2012,843
3/5/2012,888
4/6/2012,777
6/1/2012,918
2/23/2012,887
2/23/2012,857
3/12/2012,911
3/28/2012,842
5/8/2012,1033
6/5/2012,1087
7/5/2012,1261
7/31/2012,1025
6/5/2012,1347
7/5/2012,1428
7/17/2012,2031
7/30/2012,1628
6/5/2012,1736
6/5/2012,1540
7/5/2012,1280
7/17/2012,1168
7/31/2012,1310
6/12/2012,1442
7/24/2012,1461
8/7/2012,1294
8/6/2012,1502
8/25/2012,1292
8/30/2012,1580
8/25/2012,1504
8/30/2012,1408
8/6/2012,1594
8/22/2012,1924
8/30/2012,1700
8/25/2012,1386
8/30/2012,1382
8/22/2012,1433
8/22/2012,1850
9/5/2012,1560
9/14/2012,1491
9/14/2012,1619
10/5/2012,2812
11/4/2012,2339
12/4/2012,2981
9/14/2012,2175
10/5/2012,3237
11/4/2012,3188
12/4/2012,2759
9/14/2012,3000
10/5/2012,2674
11/4/2012,2886
12/4/2012,1978
9/14/2012,2638
10/5/2012,1538
11/4/2012,1872
12/4/2012,2388
9/25/2012,1615
10/11/2012,2201
10/24/2012,1813
11/6/2012,1516
11/6/2012,1854
11/27/2012,1463
11/27/2012,1804
11/27/2012,1603
12/10/2012,1624
12/24/2012,1953
12/10/2012,1405
12/24/2012,1666
12/10/2012,1700
12/24/2012,1637
12/4/2012,1653
12/24/2012,1753
6/25/2012,2019
9/14/2012,2371
2/17/2012,1694
2/17/2012,1745
3/9/2012,1769
3/26/2012,2091
4/16/2012,2516
5/30/2012,2551
6/6/2012,2417
7/2/2012,1912
7/23/2012,2033
7/26/2012,1874
9/12/2012,2216
10/15/2012,2134
10/25/2012,2414
11/1/2012,2648
12/12/2012,2343
12/20/2012,2695
12/20/2011,2986
2/13/2012,2991
5/4/2012,2393
11/14/2012,2653
1/16/2012,2667
1/16/2012,3399
1/30/2012,3136
1/16/2012,3438
12/30/2011,2777
1/16/2012,3560
2/13/2012,3147
1/20/2012,3272
1/30/2012,2636
1/30/2012,4404
2/19/2012,4349
3/12/2012,3887
2/27/2012,3884
3/18/2012,4238
3/11/2012,4741
4/8/2012,4548
4/4/2012,4185
4/17/2012,3890
5/1/2012,4542
5/8/2012,4168
5/8/2012,4153
6/12/2012,4668
5/22/2012,4994
4/26/2012,4278
5/22/2012,3789
7/3/2012,3832
7/3/2012,3833
6/26/2012,4589
7/10/2012,4664
7/17/2012,5171
8/7/2012,5152
7/24/2012,4904
8/14/2012,5178
7/31/2012,6033
8/7/2012,5909
8/21/2012,6739
8/20/2012,7501
9/11/2012,7192
10/9/2012,6178
9/27/2012,6534
10/9/2012,6341
10/16/2012,6337
10/9/2012,7319
10/29/2012,6082
10/23/2012,7191
11/20/2012,7567
11/27/2012,8248
11/20/2012,8032
12/25/2012,7497
12/3/2012,7789
11/27/2012,7378
12/11/2012,7349
11/30/2012,6942
12/11/2012,7630
12/11/2012,9230
12/18/2012,8374
12/21/2012,8755
12/18/2012,8865
6/15/2012,8695
1/18/2012,8535
1/24/2012,7461
1/18/2012,8321
2/27/2012,8349
5/21/2012,10403
6/27/2012,7797
9/16/2012,7106
1/5/2012,7325
1/23/2012,6888
1/23/2012,8592
1/17/2012,8485
1/23/2012,9015
1/23/2012,7427
1/27/2012,7606
1/23/2012,7547
1/25/2012,8095
1/30/2012,7428
1/31/2012,8369
2/2/2012,7776
2/3/2012,7749
2/22/2012,7502
2/8/2012,7274
2/22/2012,7495
2/8/2012,8113
2/13/2012,7210
2/22/2012,7408
2/22/2012,6784
2/22/2012,6718
2/22/2012,6029
2/22/2012,6216
2/22/2012,7409
2/22/2012,7793
2/23/2012,7283
2/27/2012,7806
3/1/2012,6879
3/5/2012,6799
3/23/2012,6305
3/21/2012,6340
3/12/2012,7707
3/28/2012,7178
3/28/2012,7708
3/28/2012,6450
4/23/2012,6333
8/16/2012,6665
1/9/2012,7310
1/13/2012,6641
1/16/2012,7124
1/17/2012,6902
1/25/2012,6889
1/30/2012,6673
2/3/2012,6952
2/6/2012,7687
2/7/2012,6646
2/10/2012,7005
2/22/2012,6491
3/2/2012,7218
3/6/2012,6510
3/12/2012,5137
3/15/2012,6387
4/2/2012,7343
4/3/2012,6873
4/1/2012,6483
4/9/2012,6478
4/16/2012,5770
4/24/2012,5247
4/26/2012,6186
5/7/2012,5960
5/8/2012,5661
5/7/2012,5129
5/14/2012,6083
5/23/2012,5973
5/30/2012,5499
5/28/2012,5639
6/4/2012,5745
7/25/2012,6002
7/25/2012,5661
8/1/2012,5762
7/25/2012,5822
7/27/2012,5539
7/19/2012,5499
7/25/2012,6317
6/15/2012,7362
8/1/2012,6410
8/10/2012,5703
8/23/2012,5855
8/31/2012,5484
9/6/2012,5608
9/14/2012,5508
9/19/2012,5482
9/27/2012,5427
10/5/2012,5490
10/11/2012,5319
10/17/2012,4858
10/17/2012,5340
10/25/2012,4793
10/25/2012,5616
11/2/2012,5391
11/7/2012,5007
11/15/2012,4699
11/15/2012,4424
11/20/2012,5151
12/6/2012,5112
12/4/2012,5503
12/7/2012,4351
12/14/2012,4937
12/14/2012,5346
12/20/2012,4598
12/20/2012,5304
12/27/2012,5000
12/27/2012,4810
1/5/2012,4251
1/5/2012,4958
1/26/2012,4564
1/27/2012,5239
1/17/2012,5614
1/17/2012,5179
1/27/2012,5307
1/27/2012,4608
1/27/2012,4919
1/27/2012,5600
1/27/2012,4888
1/27/2012,4956
1/26/2012,5747
1/26/2012,5630
1/27/2012,5508
1/31/2012,6522
2/2/2012,6575
2/7/2012,5021
2/7/2012,5329
2/10/2012,5616
2/24/2012,6222
2/24/2012,5888
3/7/2012,5439
3/8/2012,5346
3/14/2012,4875
3/13/2012,5503
3/28/2012,6338
3/28/2012,5706
3/28/2012,5596
3/27/2012,4604
3/28/2012,4330
3/28/2012,4664
3/23/2012,4940
3/23/2012,5218
3/23/2012,5380
3/30/2012,4767
3/30/2012,4687
4/4/2012,4799
4/5/2012,4680
4/5/2012,5778
4/5/2012,6183
4/10/2012,5618
4/10/2012,6377
4/10/2012,5779
4/10/2012,5018
4/20/2012,5170
4/20/2012,5866
4/20/2012,6302
5/7/2012,6229
5/29/2012,5653
5/29/2012,5585
5/29/2012,5242
5/16/2012,5020
5/16/2012,4663
5/16/2012,5001
5/29/2012,4477
6/5/2012,5065
6/5/2012,5219
6/5/2012,4683
6/5/2012,4615
5/30/2012,5200
6/1/2012,6200
6/1/2012,5147
6/12/2012,5514
6/12/2012,5451
6/5/2012,4503
6/5/2012,5307
6/5/2012,5381
6/5/2012,5571
6/6/2012,4662
6/6/2012,4909
6/6/2012,4865
6/27/2012,5220
6/27/2012,4523
6/27/2012,5809
6/29/2012,5441
7/5/2012,5400
7/5/2012,6762
7/5/2012,6062
7/5/2012,5653
7/5/2012,5841
7/10/2012,5521
7/10/2012,5954
7/10/2012,6275
7/27/2012,6369
7/27/2012,5803
7/11/2012,6556
7/11/2012,6287
7/12/2012,6341
7/30/2012,6263
7/27/2012,6683
7/12/2012,6175
7/13/2012,6269
7/27/2012,6200
7/27/2012,4890
7/23/2012,5857
7/27/2012,6220
7/27/2012,7130
8/9/2012,6431
8/9/2012,6137
8/9/2012,5724
8/9/2012,5974
8/9/2012,5632
8/9/2012,6023
8/9/2012,6755
8/9/2012,6783
8/7/2012,6281
8/7/2012,7228
8/7/2012,5986
8/29/2012,5960
8/29/2012,6034
8/29/2012,6002
9/4/2012,5999
9/6/2012,6555
9/6/2012,6048
9/13/2012,5914
9/13/2012,6460
9/13/2012,7285
9/13/2012,6887
9/14/2012,6358
9/26/2012,6058
9/26/2012,6075
9/26/2012,5273
9/26/2012,5744
9/26/2012,5751
9/26/2012,6573
9/26/2012,7253
9/26/2012,6677
9/28/2012,6199
11/1/2012,5529
11/1/2012,6132
11/6/2012,6182
11/6/2012,6406
11/30/2012,6304
12/5/2012,7114
12/5/2012,5026
12/10/2012,5392
12/10/2012,6054
12/26/2012,6286
12/26/2012,5767
12/26/2012,5831
12/26/2012,5815
12/26/2012,5559
12/26/2012,4671
12/27/2012,4735
12/27/2012,6230
3/26/2012,6399
8/24/2012,5490
10/3/2012,5847
10/16/2012,6754
10/31/2012,5218
11/7/2012,6284
11/13/2012,6381
4/11/2012,6732
1/26/2012,6164
1/6/2012,6032
1/6/2012,5863
1/10/2012,5636
1/26/2012,6126
2/27/2012,5799
2/28/2012,6464
2/28/2012,6475
3/14/2012,6268
4/5/2012,5583
4/5/2012,5033
5/7/2012,5612
5/29/2012,6746
6/8/2012,6598
6/8/2012,6115
7/3/2012,6164
7/13/2012,5650
7/13/2012,5858
7/13/2012,5364
8/3/2012,6659
8/29/2012,6875
9/24/2012,7188
9/24/2012,6612
10/29/2012,6715
12/21/2012,6550
12/21/2012,6517
12/21/2012,7116
12/25/2012,7191
3/14/2012,6645
6/22/2012,6776
9/19/2012,6890
10/11/2012,5851
12/6/2012,5824
5/8/2012,6474
12/4/2012,6394
12/4/2012,6457
7/25/2012,6256
8/22/2012,6204
9/20/2012,6401
10/1/2012,6512
10/22/2012,7111
12/21/2012,7454
1/17/2012,8614
1/18/2012,7993
2/16/2012,7360
2/9/2012,7397
2/10/2012,8710
2/27/2012,9071
3/12/2012,8745
4/9/2012,8146
5/7/2012,7904
5/7/2012,7148
5/17/2012,6466
5/17/2012,7688
6/13/2012,8464
5/31/2012,8495
5/31/2012,7550
5/31/2012,8384
6/5/2012,8761
6/7/2012,9370
6/8/2012,7597
6/18/2012,8636
7/3/2012,9046
7/5/2012,9853
7/10/2012,10786
7/24/2012,8332
7/25/2012,8742
8/9/2012,8630
8/31/2012,9171
9/12/2012,9046
10/5/2012,9301
10/29/2012,9334
10/29/2012,8601
11/29/2012,8400
11/30/2012,8583
12/6/2012,10589
1/12/2012,9220
1/20/2012,9819
2/3/2012,10174
2/7/2012,11836
2/8/2012,12923
2/17/2012,11431
5/7/2012,11596
6/6/2012,15864
6/8/2012,17287
7/10/2012,17224
8/23/2012,16097
9/10/2012,12497
9/24/2012,13823
9/25/2012,12312
10/12/2012,11659
10/17/2012,12027
11/14/2012,11067
3/22/2012,10337
10/12/2012,10703
12/10/2012,10866
1/13/2012,11637
2/13/2012,12672
2/14/2012,10812
3/13/2012,11213
4/11/2012,10929
5/8/2012,10021
6/6/2012,11258
7/5/2012,11784
7/5/2012,9764
8/1/2012,9745
8/27/2012,10078
9/28/2012,10070
10/30/2012,8920
11/28/2012,10811
12/27/2012,11065
1/6/2012,12720
2/22/2012,12635
6/6/2012,10983
7/5/2012,11236
9/26/2012,10569
9/18/2012,11384
6/5/2012,14224
8/2/2012,11845
8/30/2012,10292
11/16/2012,10922
2/13/2012,12724
2/14/2012,12724
3/9/2012,14478
6/7/2012,12242
7/20/2012,11219
9/12/2012,11214
10/29/2012,11231
12/4/2012,13042
12/10/2012,10914
12/13/2012,11248
3/28/2012,17489
9/28/2012,15957
12/12/2012,12800
1/31/2012,13007
3/2/2012,11397
3/2/2012,11183
3/15/2012,12559
3/19/2012,13132
6/5/2012,12400
7/11/2012,17906
7/11/2012,12499
9/11/2012,13454
9/12/2012,12398
1/12/2012,16985
1/30/2012,15390
1/30/2012,13633
3/7/2012,17656
3/7/2012,16695
3/7/2012,15597
3/7/2012,13795
4/1/2012,13155
5/21/2012,14735
6/7/2012,14198
6/8/2012,13359
6/26/2012,13473
6/27/2012,13246
9/28/2012,10694
10/1/2012,12563
11/13/2012,15395
12/17/2012,14372
2/14/2012,12075
3/2/2012,14210
3/2/2012,16228
3/7/2012,12746
3/15/2012,10700
3/26/2012,12817
5/11/2012,12995
5/24/2012,15018
6/5/2012,13249
6/7/2012,13086
6/20/2012,15174
6/20/2012,13548
6/20/2012,15416
6/20/2012,14702
7/11/2012,13301
7/20/2012,13797
9/18/2012,13134
9/18/2012,12420
9/11/2012,12210
9/11/2012,15015
9/12/2012,15372
9/28/2012,19788
10/29/2012,13904
10/29/2012,10777
12/4/2012,11180
12/14/2012,11858
1/5/2012,15003
2/9/2012,19388
2/16/2012,16434
7/18/2012,18482
9/28/2012,14585
6/20/2012,12164
7/26/2012,12103
8/16/2012,18381
8/22/2012,17799
10/5/2012,15348
10/26/2012,15799
5/28/2012,13593
7/31/2012,13118
3/8/2012,14121
2/14/2012,15644
2/16/2012,16056
3/19/2012,14722
4/20/2012,14238
6/19/2012,13988
6/21/2012,12904
7/18/2012,15200
8/2/2012,13687
11/19/2012,15565
12/6/2012,14929
2/1/2012,15703
2/24/2012,13661
6/6/2012,13406
6/6/2012,14060
7/31/2012,12454
10/5/2012,15670
6/28/2012,14553
7/25/2012,15100
2/1/2012,12569
2/1/2012,12045
2/6/2012,11200
2/28/2012,12606
3/30/2012,13768
5/22/2012,12220
5/25/2012,12852
6/5/2012,12170
10/15/2012,11312
10/17/2012,13118
11/1/2012,12924
12/17/2012,13846
1/30/2012,14375
2/28/2012,13836
2/21/2012,12441
3/9/2012,11160
4/27/2012,12538
6/13/2012,11829
9/10/2012,13033
10/4/2012,15793
11/1/2012,15012
11/21/2012,16017
12/21/2012,15077
2/27/2012,15486
7/6/2012,15675
3/2/2012,14493
11/7/2012,15711
11/21/2012,14967
1/5/2012,13887
1/5/2012,14530
1/5/2012,15307
2/10/2012,16014
2/7/2012,15771
2/7/2012,14116
2/7/2012,12683
2/29/2012,12972
2/29/2012,10645
2/29/2012,10521
3/6/2012,13239
3/30/2012,16470
3/30/2012,15280
3/30/2012,14078
4/6/2012,12594
4/6/2012,12776
5/2/2012,11947
5/2/2012,14437
5/10/2012,14796
5/24/2012,14800
5/24/2012,15122
5/24/2012,12803
6/19/2012,11870
7/11/2012,13861
7/11/2012,15597
7/24/2012,16018
8/23/2012,14730
8/23/2012,14872
9/18/2012,18783
9/18/2012,14454
9/18/2012,13591
10/31/2012,11774
11/5/2012,11877
11/5/2012,12350
11/5/2012,14916
11/19/2012,14618
11/30/2012,14049
11/30/2012,13977
11/30/2012,11589
12/6/2012,14563
12/6/2012,16570
12/27/2012,17303
12/27/2012,17912
12/27/2012,16256
12/27/2012,19694
1/13/2012,19039
4/12/2012,20013
12/5/2012,20918
12/20/2012,21290
1/17/2012,19571
2/1/2012,19463
2/8/2012,15352
2/29/2012,20996
2/29/2012,20702
2/23/2012,20614
3/1/2012,21558
3/6/2012,19903
3/7/2012,17811
3/8/2012,17084
3/15/2012,19972
3/30/2012,16652
4/2/2012,18426
4/2/2012,18978
4/16/2012,18329
5/2/2012,18505
5/7/2012,18841
5/9/2012,20025
5/9/2012,17036
5/10/2012,16579
5/14/2012,21019
7/25/2012,23238
8/7/2012,21119
8/22/2012,22999
9/5/2012,21471
9/21/2012,21286
9/24/2012,22666
10/1/2012,24955
10/2/2012,22707
10/10/2012,24884
10/18/2012,22734
10/26/2012,22579
11/1/2012,20832
11/9/2012,20882
11/15/2012,21725
11/20/2012,19810
11/26/2012,19041
11/28/2012,20468
11/30/2012,21722
12/3/2012,21029
12/13/2012,20728
12/27/2012,20701
6/6/2012,22080
6/6/2012,18253
10/11/2012,22412
11/2/2012,23704
2/28/2012,24083
1/31/2012,24078
1/11/2012,25684
1/18/2012,21806
1/24/2012,17628
1/25/2012,21493
1/27/2012,25748
1/30/2012,28762
2/2/2012,28025
2/3/2012,25101
2/6/2012,22343
2/7/2012,22767
2/8/2012,22597
2/15/2012,21712
2/16/2012,25223
2/17/2012,26536
2/28/2012,24615
3/1/2012,22718
3/2/2012,21487
3/6/2012,22348
3/7/2012,26795
3/9/2012,25709
3/15/2012,26846
3/16/2012,29522
3/19/2012,25418
3/21/2012,25082
4/1/2012,26853
3/30/2012,26456
4/19/2012,29696
3/30/2012,32069
4/5/2012,33999
4/4/2012,31899
4/6/2012,25341
4/6/2012,26469
4/9/2012,33121
4/12/2012,34926
4/13/2012,35640
4/17/2012,33985
4/17/2012,30325
5/1/2012,26547
4/27/2012,34063
5/7/2012,37538
5/8/2012,42548
5/11/2012,43206
5/15/2012,34919
5/29/2012,30652
5/15/2012,25793
5/18/2012,27825
5/18/2012,32394
5/24/2012,30703
6/1/2012,25452
5/31/2012,32209
6/3/2012,23348
5/31/2012,23140
6/4/2012,25380
6/3/2012,28351
6/5/2012,30364
6/8/2012,31068
6/19/2012,29410
6/20/2012,25672
7/2/2012,22880
6/25/2012,24458
7/9/2012,23909
7/11/2012,25191
7/23/2012,26396
7/18/2012,28639
8/2/2012,22881
8/2/2012,25215
7/24/2012,25369
7/25/2012,27772
7/26/2012,24770
7/26/2012,25563
7/26/2012,27758
7/27/2012,23912
7/30/2012,22304
8/1/2012,26175
8/2/2012,28026
10/3/2012,29067
8/9/2012,26163
8/23/2012,27892
8/24/2012,25000
8/27/2012,21389
8/27/2012,24621
9/3/2012,27550
8/31/2012,26379
9/4/2012,26529
9/5/2012,27073
9/5/2012,24840
9/5/2012,21432
9/6/2012,23397
9/6/2012,24808
9/28/2012,27286
9/10/2012,26819
9/14/2012,25802
9/19/2012,24682
9/19/2012,24166
9/21/2012,25241
10/10/2012,26266
9/25/2012,25810
9/28/2012,26347
9/27/2012,26028
10/10/2012,23477
10/2/2012,20537
10/5/2012,22061
10/11/2012,24000
10/12/2012,23534
10/12/2012,24381
10/17/2012,23585
10/18/2012,21033
10/19/2012,19852
10/30/2012,20885
10/26/2012,23174
10/25/2012,24698
10/26/2012,23576
11/2/2012,25085
11/2/2012,21186
11/2/2012,19398
11/8/2012,21756
11/8/2012,24165
11/9/2012,24111
11/12/2012,23576
11/12/2012,23921
11/15/2012,21823
11/16/2012,18849
11/16/2012,20816
11/19/2012,24803
11/20/2012,21148
11/26/2012,23585
12/3/2012,21522
12/3/2012,21538
12/13/2012,17713
12/13/2012,20277
12/14/2012,21467
12/14/2012,21899
12/17/2012,22803
12/19/2012,24701
12/21/2012,20754
3/7/2012,16762
3/7/2012,21281
9/27/2012,22820
11/29/2012,22665
2/29/2012,21070
7/2/2012,21145
7/31/2012,18654
11/2/2012,18035
12/12/2012,19971
2/1/2012,22915
1/23/2012,23187
3/22/2012,20329
3/23/2012,20744
4/5/2012,19207
4/3/2012,18002
4/17/2012,20827
5/11/2012,21575
6/21/2012,24104
5/31/2012,22983
6/27/2012,22648
7/12/2012,20972
7/12/2012,18516
7/20/2012,22924
8/7/2012,24348
8/1/2012,23524
8/6/2012,23227
10/15/2012,22873
11/15/2012,18880
12/10/2012,18494
1/12/2012,23791
1/16/2012,28196
1/23/2012,26888
1/26/2012,26439
2/2/2012,25270
2/7/2012,24623
2/29/2012,20480
3/7/2012,24721
3/29/2012,27801
4/3/2012,28717
5/31/2012,24400
6/19/2012,28186
6/20/2012,23335
6/25/2012,20691
6/25/2012,23709
6/29/2012,27980
7/2/2012,24771
7/5/2012,22409
7/10/2012,24259
7/19/2012,24361
7/20/2012,22440
7/20/2012,24801
8/9/2012,25099
9/3/2012,25741
9/10/2012,25071
9/18/2012,26792
10/5/2012,21398
10/10/2012,23071
11/8/2012,29570
10/23/2012,27738
11/5/2012,28349
11/5/2012,25817
11/7/2012,26711
11/15/2012,23868
11/28/2012,19229
12/3/2012,24745
12/6/2012,25426
1/6/2012,27412
1/6/2012,27719
1/6/2012,24234
1/10/2012,23719
1/12/2012,24639
1/12/2012,27233
1/13/2012,28924
1/16/2012,28976
1/19/2012,26906
1/23/2012,30492
1/27/2012,26977
1/23/2012,23910
1/26/2012,27121
1/27/2012,31086
1/27/2012,33046
1/31/2012,33677
2/1/2012,30532
2/1/2012,27556
2/28/2012,23648
3/7/2012,26477
2/3/2012,24727
2/7/2012,31612
2/7/2012,33221
2/7/2012,29250
2/14/2012,27175
2/17/2012,26187
2/17/2012,29705
2/17/2012,33560
2/21/2012,31363
2/24/2012,28892
2/27/2012,33696
2/28/2012,27716
3/1/2012,26946
3/1/2012,30860
3/5/2012,34540
3/5/2012,30993
3/5/2012,32415
3/7/2012,33985
3/7/2012,29010
3/9/2012,24573
3/13/2012,25513
3/15/2012,29157
3/15/2012,27945
4/6/2012,29006
3/21/2012,27076
3/23/2012,25847
3/23/2012,24107
3/26/2012,28728
3/27/2012,32818
3/29/2012,35587
3/29/2012,37043
4/3/2012,37609
4/3/2012,37614
4/5/2012,35493
4/9/2012,33626
4/10/2012,35682
4/10/2012,35836
4/13/2012,41747
4/19/2012,36935
4/19/2012,31583
4/19/2012,29858
4/19/2012,41698
4/24/2012,54991
4/24/2012,50064
4/24/2012,45088
4/25/2012,45568
4/25/2012,40254
5/1/2012,33043
5/7/2012,39938
5/8/2012,40217
5/14/2012,50173
5/10/2012,56738
5/14/2012,50838
5/16/2012,47579
5/16/2012,40815
5/18/2012,44667
5/21/2012,44869
5/21/2012,45605
5/22/2012,45988
5/24/2012,42168
6/1/2012,38784
6/1/2012,32641
5/30/2012,36540
5/31/2012,39466
5/31/2012,39989
6/5/2012,35182
6/5/2012,33708
6/6/2012,30896
6/7/2012,33684
6/12/2012,36861
6/12/2012,37550
6/20/2012,41497
6/20/2012,36230
6/19/2012,36704
6/21/2012,33286
6/21/2012,28150
7/2/2012,29185
6/26/2012,28594
7/2/2012,25470
7/2/2012,28105
7/2/2012,32960
7/2/2012,27995
7/2/2012,28307
7/6/2012,30637
7/6/2012,27907
7/9/2012,23125
7/11/2012,27414
7/13/2012,34163
7/19/2012,32166
7/20/2012,31785
7/23/2012,38546
7/23/2012,35368
7/26/2012,34278
8/1/2012,32830
8/1/2012,30841
7/30/2012,32296
8/2/2012,30830
8/2/2012,31904
8/7/2012,30945
8/9/2012,33520
8/9/2012,32040
8/17/2012,34670
8/16/2012,30257
8/16/2012,28995
8/16/2012,30394
8/22/2012,36985
8/22/2012,36673
8/22/2012,34265
8/22/2012,36760
8/23/2012,31523
8/27/2012,32199
8/28/2012,37100
8/28/2012,35224
8/31/2012,38111
9/6/2012,33223
9/18/2012,35649
9/7/2012,30566
9/7/2012,29402
9/10/2012,33375
9/11/2012,38326
9/11/2012,38392
9/12/2012,39046
9/12/2012,38807
9/19/2012,33335
9/19/2012,33916
9/21/2012,40595
9/24/2012,40090
9/25/2012,36459
10/1/2012,38270
9/28/2012,41340
10/2/2012,35322
10/2/2012,33958
10/3/2012,33304
10/9/2012,38437
10/10/2012,39700
10/16/2012,42878
10/18/2012,37583
10/29/2012,37015
10/22/2012,35965
12/4/2012,39864
10/23/2012,44626
10/26/2012,42452
10/26/2012,42924
10/26/2012,40105
10/26/2012,35910
11/1/2012,38967
11/1/2012,46531
11/1/2012,51978
11/1/2012,44677
11/1/2012,43158
11/1/2012,41279
11/6/2012,39639
11/13/2012,35992
11/7/2012,41549
11/7/2012,42465
11/8/2012,46297
11/12/2012,47322
11/14/2012,41537
11/15/2012,42276
11/16/2012,36196
11/16/2012,35394
11/19/2012,32055
11/19/2012,36881
11/19/2012,44989
11/19/2012,43134
11/22/2012,37639
12/3/2012,33317
12/3/2012,36314
12/3/2012,40225
12/3/2012,39482
12/3/2012,40508
12/3/2012,38152
12/3/2012,31199
12/3/2012,32908
12/6/2012,36030
12/10/2012,37268
12/14/2012,38175
12/13/2012,38862
12/17/2012,36118
12/17/2012,34673
12/27/2012,28837
1/5/2012,34974
3/7/2012,38017
2/7/2012,38281
2/27/2012,37717
10/5/2012,38783
11/9/2012,29302
11/12/2012,28166
1/5/2012,35602
1/10/2012,40395
1/10/2012,41948
1/16/2012,37575
1/13/2012,30648
1/16/2012,31530
1/18/2012,28051
3/2/2012,29691
3/5/2012,36561
3/5/2012,38085
3/5/2012,37279
4/19/2012,42541
5/22/2012,36143
5/30/2012,31781
6/12/2012,34782
6/19/2012,35609
7/10/2012,35995
7/17/2012,36787
7/27/2012,33932
8/31/2012,32694
8/1/2012,30506
8/30/2012,34576
8/30/2012,38159
8/31/2012,37231
8/31/2012,36474
9/27/2012,37223
1/5/2012,34869
1/16/2012,30529
1/16/2012,35658
1/16/2012,38581
1/19/2012,37588
1/11/2012,38146
1/27/2012,37421
1/5/2012,34457
1/12/2012,32900
2/13/2012,35816
2/16/2012,39480
2/10/2012,41006
2/28/2012,40032
2/22/2012,42549
1/30/2012,36148
3/15/2012,34062
2/13/2012,38198
2/15/2012,39976
3/7/2012,42630
4/4/2012,38910
4/9/2012,40539
3/2/2012,36391
3/28/2012,34590
3/28/2012,38612
3/16/2012,39890
4/27/2012,38837
4/5/2012,38019
5/14/2012,37767
3/22/2012,34183
5/15/2012,29639
4/9/2012,36679
4/27/2012,36076
4/5/2012,37885
4/6/2012,38691
4/27/2012,38294
5/17/2012,31217
5/29/2012,30009
4/27/2012,35610
5/15/2012,39292
5/30/2012,39156
4/18/2012,37517
5/29/2012,35085
5/30/2012,32090
5/30/2012,31867
6/27/2012,38611
5/11/2012,37809
5/30/2012,38611
5/21/2012,36246
6/6/2012,36600
7/2/2012,33681
6/27/2012,30801
7/10/2012,38412
7/15/2012,43320
6/28/2012,40318
6/27/2012,38500
7/31/2012,37788
8/9/2012,31986
8/10/2012,32001
7/11/2012,39418
8/10/2012,40479
7/4/2012,41866
8/10/2012,37325
8/21/2012,37903
7/4/2012,33421
7/11/2012,31374
7/10/2012,34054
7/17/2012,41519
8/29/2012,39933
8/1/2012,41044
9/2/2012,37771
10/10/2012,34298
9/14/2012,31659
10/2/2012,37692
10/18/2012,40754
11/28/2012,42193
10/30/2012,41418
10/31/2012,39590
10/15/2012,35308
10/24/2012,32803
11/12/2012,38622
12/6/2012,39372
1/19/2012,40729
1/5/2012,42838
1/30/2012,42628
1/25/2012,37054
2/14/2012,34386
2/9/2012,41169
3/8/2012,47113
3/5/2012,46210
3/9/2012,42994
3/6/2012,40945
3/7/2012,38287
3/29/2012,33834
4/3/2012,41319
4/23/2012,43168
5/25/2012,42747
5/14/2012,44797
5/24/2012,41181
6/7/2012,47740
6/27/2012,35259
7/13/2012,42329
7/6/2012,42636
7/30/2012,42600
8/17/2012,44423
8/9/2012,42703
7/31/2012,38305
8/27/2012,32794
9/6/2012,39580
8/27/2012,43028
8/30/2012,44156
9/5/2012,41508
9/25/2012,41823
10/18/2012,37758
11/19/2012,36098
11/1/2012,39275
11/21/2012,44672
11/20/2012,44027
12/5/2012,42547
12/5/2012,42104
12/20/2012,39443
1/6/2012,34213
1/12/2012,42369
1/12/2012,44529
1/19/2012,44073
1/25/2012,40006
1/25/2012,38229
1/31/2012,37114
1/31/2012,35463
2/8/2012,41777
2/14/2012,52306
2/15/2012,47417
2/22/2012,46660
2/23/2012,47014
2/27/2012,38913
3/2/2012,36423
3/2/2012,40345
3/7/2012,40319
3/8/2012,42482
3/8/2012,42380
3/13/2012,42121
3/22/2012,38408
3/22/2012,32727
3/22/2012,43799
3/26/2012,47198
3/28/2012,42895
4/6/2012,43549
4/11/2012,41111
4/16/2012,37570
4/20/2012,38310
4/23/2012,44797
4/23/2012,46017
4/27/2012,47635
5/8/2012,45737
5/9/2012,46219
5/11/2012,35821
5/16/2012,35696
5/18/2012,41438
5/22/2012,45779
5/25/2012,44061
5/31/2012,41666
6/6/2012,40959
6/6/2012,41342
6/14/2012,36468
6/20/2012,46187
6/21/2012,45392
6/21/2012,44840
6/22/2012,43469
6/25/2012,43214
6/29/2012,38104
7/2/2012,36644
7/9/2012,44008
7/10/2012,47428
7/13/2012,46517
7/19/2012,45950
7/25/2012,45000
7/30/2012,40316
7/30/2012,38323
8/2/2012,44997
8/3/2012,45775
8/9/2012,48836
8/27/2012,50698
8/27/2012,46812
8/20/2012,41291
8/22/2012,38477
8/23/2012,43980
8/23/2012,47085
8/31/2012,48232
9/7/2012,52232
9/7/2012,45228
9/12/2012,42041
9/20/2012,39111
9/28/2012,43470
9/28/2012,45342
10/9/2012,44642
10/11/2012,44290
10/12/2012,43835
10/17/2012,39748
10/17/2012,36246
10/24/2012,43888
10/25/2012,47826
11/5/2012,47351
11/7/2012,45533
11/14/2012,48034
11/26/2012,43948
11/30/2012,40541
12/4/2012,47506
12/10/2012,52374
12/11/2012,48817
12/13/2012,49292
12/17/2012,46581
12/19/2012,41088
12/21/2012,39926
12/21/2012,48592
3/1/2012,50121
3/28/2012,48043
3/9/2012,48125
2/1/2012,45965
1/10/2012,43546
1/10/2012,41144
1/20/2012,50565
12/28/2011,53429
1/26/2012,51062
1/26/2012,51618
2/1/2012,50106
1/26/2012,43456
2/2/2012,42166
2/2/2012,45970
2/2/2012,46728
2/2/2012,45956
1/20/2012,37301
2/9/2012,37071
2/16/2012,41118
2/27/2012,39592
3/21/2012,44340
3/22/2012,46738
3/22/2012,45157
4/9/2012,35055
4/25/2012,39083
4/10/2012,43897
5/11/2012,48874
5/8/2012,49958
5/8/2012,47820
6/15/2012,49400
6/15/2012,51405
6/15/2012,47951
6/15/2012,43989
6/15/2012,44354
6/29/2012,45494
6/29/2012,53392
6/29/2012,53403
6/29/2012,50129
6/29/2012,48999
6/29/2012,44126
6/29/2012,46926
7/17/2012,46438
9/14/2012,53157
9/18/2012,54154
9/18/2012,51267
9/19/2012,51979
9/20/2012,49027
9/20/2012,45781
9/21/2012,57791
9/24/2012,57755
9/24/2012,57193
9/18/2012,54237
9/18/2012,51000
9/20/2012,49557
9/20/2012,47442
9/18/2012,46581
9/20/2012,50952
9/11/2012,50011
9/11/2012,52979
9/11/2012,49150
9/11/2012,47850
9/11/2012,47422
9/12/2012,51721
9/12/2012,53275
9/12/2012,54516
9/12/2012,49619
9/25/2012,52841
9/25/2012,48340
10/18/2012,47139
10/18/2012,48062
10/18/2012,48222
11/8/2012,51942
11/8/2012,48838
11/8/2012,50095
12/12/2012,50836
12/12/2012,47415
12/12/2012,52133
2/28/2012,55958
1/27/2012,51380
2/9/2012,52727
2/16/2012,55833
3/5/2012,50852
3/13/2012,49635
3/1/2012,54520
2/15/2012,57819
2/27/2012,56544
3/2/2012,54211
3/16/2012,55281
3/19/2012,56003
3/26/2012,50184
3/27/2012,54236
4/9/2012,63776
4/9/2012,59821
4/6/2012,60624
5/7/2012,56780
6/14/2012,50147
6/20/2012,47759
6/5/2012,52332
5/29/2012,59409
6/6/2012,57931
6/8/2012,55783
6/15/2012,58961
6/15/2012,57071
6/18/2012,51624
6/25/2012,57331
7/17/2012,57932
7/2/2012,56393
6/29/2012,59301
6/29/2012,59946
8/16/2012,52328
8/30/2012,48116
9/13/2012,53338
8/27/2012,56784
8/29/2012,64548
9/11/2012,60055
9/13/2012,54670
9/18/2012,48171
9/20/2012,48951
9/18/2012,52919
9/20/2012,59240
9/18/2012,61556
9/20/2012,62945
10/11/2012,65043
11/8/2012,53487
11/28/2012,46938
1/26/2012,55020
2/9/2012,60013
2/13/2012,59738
3/6/2012,58301
3/8/2012,56176
3/22/2012,50830
3/22/2012,47948
4/9/2012,59251
4/17/2012,60783
4/18/2012,59785
5/11/2012,60569
5/18/2012,57656
5/29/2012,49445
6/15/2012,47452
6/27/2012,50759
6/29/2012,56007
7/17/2012,54016
9/18/2012,54393
9/20/2012,51844
9/25/2012,44880
10/18/2012,45731
1/12/2012,50546
1/19/2012,56622
1/26/2012,57027
3/5/2012,52409
3/5/2012,52378
3/5/2012,48894
2/7/2012,45762
2/9/2012,51015
1/11/2012,55897
1/27/2012,53093
1/13/2012,51651
1/17/2012,54818
2/9/2012,49016
2/15/2012,47167
2/15/2012,53978
1/17/2012,56214
2/22/2012,59881
2/9/2012,56252
2/15/2012,55226
2/9/2012,49828
3/14/2012,45108
1/23/2012,52380
1/31/2012,55336
2/7/2012,59123
2/14/2012,58807
3/9/2012,66899
1/31/2012,60937
2/7/2012,55429
2/14/2012,61607
3/8/2012,71038
3/14/2012,63401
3/8/2012,62608
3/8/2012,58637
3/14/2012,52871
3/14/2012,44139
1/26/2012,52327
3/6/2012,64541
3/22/2012,70295
2/9/2012,66198
2/16/2012,64334
3/1/2012,55948
3/8/2012,53041
1/30/2012,60403
2/14/2012,66050
3/6/2012,68329
1/31/2012,63022
2/9/2012,61419
2/7/2012,56897
3/26/2012,48808
3/26/2012,57659
3/26/2012,65809
2/10/2012,61712
2/10/2012,59391
2/10/2012,61230
3/13/2012,56103
3/9/2012,52987
3/30/2012,60596
3/30/2012,65250
3/30/2012,73504
2/20/2012,78600
2/20/2012,71267
2/15/2012,55637
3/28/2012,59292
4/4/2012,78673
2/23/2012,84893
2/15/2012,77916
2/15/2012,73146
2/15/2012,115281
2/14/2012,97712
2/14/2012,114645
2/13/2012,114223
2/13/2012,72653
2/14/2012,72230
3/9/2012,65742
4/12/2012,69152
4/12/2012,75379
4/12/2012,95308
3/19/2012,63494
2/27/2012,75351
2/27/2012,101123
3/15/2012,67723
3/29/2012,63630
3/8/2012,63488
3/15/2012,51797
3/29/2012,61863
2/27/2012,69584
2/27/2012,71208
3/29/2012,67191
3/29/2012,61543
2/23/2012,86163
4/23/2012,51429
2/27/2012,72232
3/6/2012,63460
3/6/2012,68404
3/6/2012,69095
3/1/2012,63499
3/2/2012,58778
4/23/2012,52762
3/6/2012,62537
3/9/2012,62644
3/14/2012,64037
3/9/2012,64604
3/21/2012,61797
3/13/2012,59813
3/9/2012,51668
5/14/2012,63584
5/14/2012,66001
5/14/2012,69895
3/16/2012,65769
4/3/2012,65334
5/1/2012,58836
5/1/2012,55385
5/1/2012,67242
3/28/2012,68549
5/29/2012,72479
5/29/2012,67446
5/29/2012,69493
5/1/2012,62295
4/17/2012,56062
4/17/2012,64645
4/17/2012,73911
4/17/2012,69864
4/11/2012,76848
4/4/2012,59368
5/11/2012,72233
4/9/2012,61955
4/20/2012,70403
5/18/2012,76632
4/18/2012,77361
5/2/2012,72439
4/18/2012,109704
5/11/2012,90507
6/19/2012,94821
5/11/2012,113794
5/11/2012,107727
6/19/2012,113819
6/19/2012,187035
5/8/2012,129207
5/18/2012,67688
5/11/2012,63549
4/23/2012,71666
4/27/2012,75582
5/31/2012,75978
5/18/2012,74269
5/18/2012,71425
5/18/2012,63336
5/14/2012,60581
5/18/2012,70848
6/29/2012,77635
5/29/2012,79604
6/18/2012,80077
6/18/2012,76845
5/21/2012,71408
6/21/2012,66130
5/21/2012,79815
7/13/2012,84114
7/13/2012,81526
7/13/2012,83072
6/12/2012,79470
6/12/2012,83090
5/31/2012,73713
6/13/2012,76431
6/12/2012,81303
7/12/2012,82713
7/12/2012,82912
7/12/2012,80779
7/12/2012,84150
6/7/2012,72237
6/7/2012,85680
6/20/2012,85735
6/15/2012,90701
6/15/2012,89783
6/28/2012,87357
6/15/2012,82729
6/20/2012,77733
6/29/2012,77157
6/29/2012,90746
6/29/2012,99545
9/20/2012,99444
7/5/2012,94783
7/5/2012,83789
7/5/2012,88832
8/16/2012,94504
8/16/2012,105370
8/29/2012,125397
8/29/2012,121820
8/16/2012,102945
8/29/2012,95123
7/13/2012,82112
8/16/2012,97277
8/30/2012,95182
7/18/2012,98294
7/18/2012,93415
7/27/2012,92003
7/24/2012,89418
7/26/2012,78622
7/27/2012,86460
7/25/2012,95146
7/25/2012,103408
7/30/2012,93780
8/3/2012,91304
8/7/2012,86311
8/7/2012,77790
9/12/2012,86411
9/12/2012,94471
9/12/2012,91808
8/29/2012,97628
8/29/2012,94035
8/29/2012,94666
8/29/2012,82979
8/13/2012,103538
9/26/2012,109091
9/26/2012,106626
10/3/2012,103686
9/13/2012,102105
9/13/2012,107750
9/26/2012,98004
10/3/2012,103201
9/20/2012,110845
9/20/2012,121179
9/20/2012,114772
8/20/2012,118817
8/20/2012,114950
8/23/2012,102888
9/25/2012,116030
9/26/2012,121683
9/26/2012,117482
10/3/2012,117740
8/23/2012,113325
8/28/2012,107302
8/28/2012,100576
8/28/2012,109182
8/31/2012,113228
8/28/2012,111963
10/10/2012,106063
9/18/2012,93386
9/4/2012,90979
9/5/2012,91267
9/18/2012,93619
9/20/2012,106510
9/18/2012,107580
9/18/2012,99227
9/20/2012,77955
9/20/2012,85567
10/3/2012,83682
9/10/2012,96236
9/10/2012,105773
9/11/2012,104228
9/11/2012,104641
9/12/2012,103806
9/12/2012,92313
10/11/2012,103071
10/18/2012,104975
10/25/2012,114910
10/11/2012,118193
10/18/2012,111689
10/25/2012,115655
10/11/2012,110313
9/18/2012,114492
10/25/2012,111996
9/18/2012,114512
9/20/2012,117998
9/25/2012,107878
9/25/2012,114796
10/22/2012,97657
10/11/2012,96752
10/31/2012,103001
11/1/2012,115989
10/31/2012,111539
11/5/2012,107215
11/5/2012,113560
12/19/2012,103763
3/14/2012,94798
3/8/2012,104984
3/8/2012,120120
3/14/2012,112563
3/8/2012,113489
3/14/2012,116118
4/12/2012,118359
4/12/2012,103843
4/11/2012,107138
7/3/2012,110839
7/3/2012,116238
7/4/2012,128516
9/12/2012,115255
9/12/2012,108841
9/12/2012,108998
9/20/2012,114129
9/20/2012,116102
9/26/2012,129466
9/26/2012,112421
9/20/2012,117959
9/26/2012,120272
9/11/2012,112737
10/18/2012,123712
10/25/2012,128270
10/11/2012,120442
10/18/2012,130074
10/25/2012,117873
9/11/2012,112073
11/19/2012,119667
2/16/2012,135627
6/3/2012,131665
5/1/2012,148929
4/6/2012,144300
9/4/2012,135976
11/20/2012,124208
12/7/2012,100739
1/13/2012,113791
1/26/2012,124367
1/31/2012,124374
2/29/2012,121765
3/15/2012,122285
3/21/2012,112499
4/4/2012,98476
4/11/2012,121118
4/19/2012,124365
5/7/2012,124266
5/7/2012,123406
5/15/2012,132492
6/1/2012,117494
6/5/2012,108196
6/14/2012,117710
6/22/2012,129978
7/12/2012,125657
7/13/2012,125399
8/9/2012,110369
8/24/2012,106541
9/10/2012,100057
9/14/2012,113959
10/2/2012,119113
10/3/2012,134432
10/18/2012,129872
10/22/2012,122096
11/2/2012,120490
11/20/2012,112789
11/26/2012,125672
12/14/2012,133185
1/6/2012,133602
1/18/2012,127991
1/27/2012,127781
2/7/2012,120812
3/26/2012,113342
4/17/2012,129963
5/21/2012,135885
5/28/2012,125739
6/19/2012,130347
7/4/2012,123004
7/27/2012,116563
8/27/2012,112911
1/11/2012,123018
2/8/2012,133556
2/27/2012,131659
2/27/2012,126743
3/22/2012,126755
4/12/2012,114909
4/25/2012,115683
5/30/2012,130742
5/29/2012,144537
6/8/2012,137027
7/9/2012,139845
7/9/2012,145678
7/27/2012,119940
8/9/2012,113989
8/31/2012,133116
8/29/2012,140418
9/25/2012,144494
11/21/2012,140563
11/26/2012,138531
11/28/2012,124090
11/30/2012,114468
12/26/2012,133444
2/1/2012,144892
12/29/2011,135661
12/30/2011,135621
5/21/2012,136251
5/29/2012,127125
6/28/2012,121299
8/21/2012,143886
8/27/2012,145386
8/27/2012,139335
9/11/2012,134894
9/6/2012,126315
9/25/2012,117056
10/2/2012,111058
10/23/2012,129882
11/27/2012,146253
12/11/2012,150215
1/2/2012,132895
1/30/2012,131821
1/2/2012,120803
2/6/2012,109694
3/5/2012,130472
1/16/2012,136385
3/12/2012,147669
1/30/2012,140594
3/19/2012,139490
4/8/2012,119944
2/26/2012,119034
3/18/2012,134016
4/8/2012,141572
3/4/2012,136723
5/1/2012,138846
5/15/2012,134850
3/22/2012,125845
5/22/2012,131022
4/16/2012,153912
4/10/2012,155918
5/3/2012,161206
6/12/2012,159839
5/29/2012,151699
6/19/2012,142049
7/10/2012,123417
6/19/2012,144369
6/26/2012,147905
6/21/2012,139234
7/17/2012,146675
8/14/2012,147618
7/3/2012,129061
8/14/2012,116208
7/13/2012,138747
8/28/2012,139973
9/11/2012,146439
9/11/2012,149791
9/6/2012,142450
10/2/2012,127541
10/16/2012,116885
11/5/2012,137095
9/25/2012,139230
10/9/2012,141200
11/5/2012,137602
10/23/2012,138869
10/23/2012,121097
10/29/2012,112170
11/5/2012,135910
11/19/2012,142783
11/26/2012,139396
11/6/2012,140185
12/11/2012,136458
12/11/2012,120488
12/18/2012,110583
12/25/2012,132359
1/19/2012,139404
2/12/2012,151782
2/12/2012,145861
3/19/2012,147417
3/19/2012,136013
4/11/2012,126966
4/11/2012,151664
5/18/2012,157177
5/18/2012,152837
6/7/2012,152996
6/7/2012,145297
7/9/2012,127772
7/9/2012,127228
8/7/2012,143570
8/7/2012,156119
9/7/2012,142540
9/7/2012,138959
9/7/2012,142609
9/7/2012,126613
10/8/2012,125146
10/8/2012,146715
11/6/2012,154383
11/6/2012,157332
12/7/2012,156302
12/7/2012,148308
7/9/2012,136788
8/15/2012,128659
8/20/2012,137068
5/28/2012,160380
5/28/2012,155654
8/22/2012,150826
11/2/2012,149365
2/15/2012,130884
8/27/2012,118883
2/10/2012,152342
3/8/2012,158970
3/28/2012,155159
5/17/2012,148874
5/25/2012,155811
6/4/2012,126835
6/26/2012,112905
7/3/2012,154963
7/6/2012,167020
7/6/2012,146290
7/11/2012,158945
7/16/2012,153726
8/21/2012,123443
8/29/2012,114169
9/18/2012,148149
10/8/2012,142995
12/27/2011,154877
1/3/2012,139753
1/3/2012,139773
1/12/2012,120038
1/12/2012,112965
2/3/2012,128782
2/14/2012,157087
2/14/2012,140456
2/17/2012,145856
3/19/2012,129733
3/19/2012,134288
3/29/2012,115692
3/29/2012,138893
4/9/2012,150612
4/12/2012,147081
4/12/2012,140995
5/4/2012,141956
5/9/2012,129762
5/9/2012,124190
5/16/2012,148541
5/30/2012,152623
6/7/2012,152705
6/7/2012,156615
6/20/2012,156505
6/22/2012,135733
6/22/2012,127679
7/13/2012,158004
7/13/2012,167686
7/16/2012,166545
7/23/2012,166297
8/6/2012,159693
8/13/2012,153294
8/13/2012,134274
8/16/2012,146119
8/16/2012,177381
9/3/2012,151054
9/10/2012,158721
9/20/2012,160177
9/20/2012,143497
10/8/2012,134442
10/10/2012,166443
10/10/2012,165754
10/16/2012,139661
10/24/2012,189028
10/26/2012,167442
10/26/2012,152388
11/9/2012,138080
11/14/2012,152458
11/23/2012,163127
11/23/2012,161510
12/4/2012,229969
12/4/2012,172862
12/12/2012,170169
12/19/2012,150690
12/19/2012,162867
10/10/2012,172133
10/10/2012,181477
10/3/2012,183320
11/7/2012,173263
11/7/2012,170665
1/3/2012,159506
1/4/2012,187765
2/7/2012,206149
2/21/2012,192326
2/21/2012,191574
2/21/2012,181077
9/4/2012,169506
9/19/2012,162551
9/19/2012,185144
2/21/2012,194699
3/14/2012,192586
3/14/2012,196176
6/13/2012,191304
8/27/2012,181839
9/24/2012,185468
11/18/2012,202961
11/18/2012,197281
3/21/2012,203465
11/7/2012,237899
11/19/2012,229743
12/19/2012,206872
1/11/2012,175472
3/14/2012,210817
12/4/2012,202251
1/5/2012,209455
1/11/2012,174808
1/10/2012,234234
1/13/2012,218841
1/26/2012,183623
1/13/2012,184952
1/16/2012,229284
1/17/2012,219652
1/24/2012,200782
1/20/2012,189833
1/19/2012,188659
2/1/2012,168897
2/6/2012,185255
1/25/2012,203294
1/25/2012,235798
2/2/2012,233091
1/25/2012,207424
1/27/2012,178464
1/30/2012,177716
2/7/2012,194881
2/2/2012,207795
2/2/2012,227280
2/20/2012,216607
2/8/2012,205183
2/9/2012,177864
2/9/2012,148365
2/10/2012,172836
2/14/2012,199187
2/22/2012,206054
2/22/2012,209027
2/16/2012,192400
2/17/2012,174427
2/20/2012,123002
2/23/2012,202393
2/27/2012,200407
2/27/2012,215669
3/9/2012,193322
3/8/2012,233379
3/1/2012,187066
3/2/2012,176421
3/5/2012,174250
3/5/2012,213386
3/14/2012,198078
3/8/2012,189880
3/14/2012,179515
3/8/2012,172353
3/12/2012,167553
3/13/2012,178460
3/16/2012,192960
4/10/2012,201646
3/19/2012,202899
3/21/2012,198629
3/22/2012,182888
3/26/2012,163626
3/27/2012,158453
3/27/2012,192356
4/12/2012,220010
4/4/2012,222117
3/30/2012,179074
4/3/2012,180418
4/3/2012,170909
4/5/2012,163899
4/10/2012,213057
5/1/2012,231385
4/11/2012,171605
4/11/2012,214257
4/13/2012,195848
4/13/2012,199580
4/16/2012,151760
4/17/2012,224817
5/8/2012,209157
4/18/2012,246187
4/18/2012,198306
4/20/2012,184468
4/23/2012,166527
5/16/2012,190031
4/24/2012,207875
4/25/2012,199797
5/1/2012,191928
5/15/2012,209538
5/1/2012,199746
5/7/2012,169258
5/9/2012,182905
5/17/2012,189194
5/10/2012,189154
5/14/2012,220819
5/14/2012,240873
5/16/2012,231099
5/25/2012,185121
5/23/2012,187473
5/21/2012,207820
5/22/2012,198193
5/23/2012,222994
5/24/2012,220969
6/6/2012,184531
5/25/2012,201958
5/28/2012,178085
6/7/2012,214874
5/29/2012,200261
5/30/2012,204173
6/6/2012,206104
6/4/2012,199819
6/4/2012,159553
6/15/2012,177078
6/18/2012,209618
6/6/2012,196607
6/6/2012,195664
6/7/2012,187317
6/11/2012,183501
6/12/2012,185919
6/13/2012,176246
6/20/2012,195500
6/14/2012,206407
6/18/2012,183630
6/19/2012,180849
6/19/2012,166144
6/20/2012,153470
6/27/2012,153873
6/21/2012,202688
7/6/2012,200692
6/22/2012,189341
9/6/2012,167372
7/3/2012,182969
6/27/2012,169289
6/27/2012,179599
6/28/2012,167982
6/29/2012,209789
6/29/2012,191713
7/4/2012,191454
7/5/2012,156151
7/17/2012,168049
7/9/2012,173622
7/10/2012,193400
7/25/2012,183991
7/11/2012,152565
7/18/2012,196552
7/13/2012,192826
7/18/2012,151058
7/19/2012,162518
7/19/2012,194014
7/27/2012,208584
7/24/2012,184431
7/24/2012,217700
7/31/2012,181588
7/26/2012,172039
7/30/2012,150385
7/31/2012,215211
8/1/2012,221539
8/2/2012,191750
8/7/2012,204290
8/7/2012,243524
8/20/2012,209172
8/9/2012,193785
8/20/2012,217142
8/21/2012,205663
8/31/2012,236867
8/22/2012,182651
8/28/2012,265464
8/29/2012,234136
8/30/2012,245245
8/30/2012,224910
8/31/2012,193152
9/14/2012,204519
9/4/2012,209738
9/11/2012,244156
9/6/2012,286896
9/12/2012,219237
9/12/2012,162157
9/14/2012,209853
9/14/2012,201268
9/18/2012,219526
9/18/2012,270829
9/19/2012,246467
9/20/2012,226497
9/25/2012,256495
9/21/2012,234682
9/25/2012,252424
9/25/2012,249637
9/27/2012,255800
9/28/2012,235008
10/2/2012,229240
10/12/2012,234575
10/2/2012,228463
10/3/2012,224706
10/3/2012,184629
10/5/2012,212821
10/9/2012,189103
10/9/2012,195204
10/11/2012,203252
10/26/2012,249235
10/15/2012,217758
10/24/2012,186802
10/17/2012,179875
10/24/2012,158422
10/17/2012,182049
10/19/2012,182984
10/22/2012,196888
10/23/2012,196855
10/26/2012,185527
11/1/2012,168741
11/1/2012,151890
11/1/2012,178446
11/2/2012,192117
11/5/2012,193626
11/9/2012,176303
11/8/2012,176357
11/12/2012,152618
11/16/2012,124604
11/19/2012,163291
11/19/2012,169266
11/21/2012,179111
11/26/2012,148813
11/27/2012,177910
11/28/2012,148844
11/28/2012,131023
12/3/2012,163466
12/6/2012,172076
12/7/2012,162749
12/12/2012,153619
12/21/2012,170852
12/13/2012,156118
12/14/2012,131794
12/19/2012,164188
12/25/2012,177044
12/19/2012,176186
12/21/2012,164902
12/26/2012,154200
12/26/2012,152423
12/26/2012,143741
12/26/2011,150915
12/26/2011,176377
11/12/2012,169750
12/12/2012,154014
1/9/2012,184411
1/2/2012,155964
1/16/2012,129890
1/24/2012,164489
2/21/2012,165157
2/27/2012,160389
3/20/2012,153571
3/20/2012,160855
3/20/2012,150145
3/27/2012,120310
3/21/2012,174451
4/12/2012,107242
4/21/2012,146066
4/25/2012,147327
6/1/2012,170634
6/19/2012,171803
6/29/2012,146171
7/9/2012,172075
8/7/2012,190148
8/6/2012,188985
8/27/2012,179015
8/29/2012,182752
9/6/2012,180360
9/26/2012,183205
9/28/2012,172251
11/5/2012,218682
10/18/2012,198126
10/19/2012,238791
10/19/2012,191134
10/24/2012,187994
11/1/2012,152932
11/6/2012,166247
11/7/2012,144844
11/7/2012,227705
11/19/2012,149191
11/21/2012,155103
12/10/2012,174536
12/17/2012,192479
7/12/2012,152466
1/2/2012,192323
1/2/2012,181406
1/2/2012,187994
1/16/2012,193054
1/30/2012,169698
1/2/2012,139007
1/23/2012,173405
1/30/2012,173899
12/30/2011,176488
1/16/2012,176631
1/23/2012,189605
1/16/2012,148937
1/19/2012,136003
2/13/2012,167093
1/9/2012,172192
2/13/2012,175899
1/19/2012,177594
1/16/2012,210298
1/23/2012,157083
1/30/2012,137253
1/23/2012,145484
2/6/2012,203915
2/13/2012,170564
2/13/2012,173755
2/6/2012,158354
2/13/2012,150384
1/16/2012,136994
2/6/2012,157854
2/27/2012,188610
1/19/2012,177916
2/13/2012,188213
2/20/2012,178820
2/27/2012,157673
2/13/2012,155978
2/20/2012,206643
2/13/2012,194978
2/20/2012,163996
1/16/2012,195274
2/6/2012,204853
1/16/2012,161655
1/30/2012,170029
2/6/2012,200906
3/19/2012,206268
1/30/2012,203747
2/7/2012,205452
2/13/2012,215829
3/27/2012,220035
2/19/2012,212247
2/26/2012,218467
3/4/2012,223723
2/26/2012,220230
3/4/2012,235973
2/26/2012,207223
3/4/2012,220117
2/5/2012,187537
2/19/2012,202411
2/26/2012,214931
2/27/2012,211056
2/26/2012,177338
2/12/2012,165040
2/19/2012,150593
2/26/2012,250060
2/19/2012,225551
3/4/2012,188029
3/11/2012,243457
3/18/2012,234241
3/11/2012,203967
3/18/2012,228764
3/4/2012,180241
3/11/2012,199667
3/18/2012,241986
